{"loss": [2.6411004066467285, 1.2265589237213135, 0.883919358253479, 0.7564776539802551, 0.7005449533462524, 0.6560214757919312, 0.6032687425613403, 0.5954067707061768, 0.5902678370475769, 0.5520533919334412, 0.5452743172645569, 0.5123329758644104, 0.5116653442382812, 0.49814197421073914, 0.4906264543533325, 0.45524439215660095, 0.465951144695282, 0.4470492899417877, 0.4580155909061432, 0.43014001846313477], "accuracy": [0.43960654735565186, 0.7864742279052734, 0.8746327757835388, 0.9043595790863037, 0.9175350069999695, 0.9274621605873108, 0.9359294772148132, 0.941385805606842, 0.9444332718849182, 0.9489406943321228, 0.9529918432235718, 0.9569517970085144, 0.9564772844314575, 0.9600357413291931, 0.9621708393096924, 0.9660760164260864, 0.9651271104812622, 0.9671161770820618, 0.9678278565406799, 0.9695615172386169], "val_loss": [1.6252329349517822, 0.95931476354599, 0.6914005875587463, 0.6385560631752014, 0.580183744430542, 0.5145566463470459, 0.519428551197052, 0.5382183790206909, 0.49055802822113037, 0.47048771381378174, 0.4573080539703369, 0.4857572019100189, 0.46549972891807556, 0.44384241104125977, 0.4416360855102539, 0.42324456572532654, 0.4374861419200897, 0.41763943433761597, 0.43231213092803955, 0.42133742570877075], "val_accuracy": [0.6557823419570923, 0.8684807419776917, 0.9467120170593262, 0.9489796161651611, 0.9639455676078796, 0.974829912185669, 0.9628117680549622, 0.9682539701461792, 0.9693877696990967, 0.9804988503456116, 0.9791383147239685, 0.9675737023353577, 0.978004515171051, 0.9848072528839111, 0.9775510430335999, 0.9786847829818726, 0.978458046913147, 0.9786847829818726, 0.9775510430335999, 0.9752834439277649]}