{"loss": [1.7450823783874512, 0.4920476973056793, 0.299695760011673, 0.21824920177459717, 0.18296384811401367, 0.15100204944610596, 0.13529376685619354, 0.12733577191829681, 0.11145790666341782, 0.09563443064689636], "accuracy": [0.5012500286102295, 0.8475243449211121, 0.9063478708267212, 0.9318371415138245, 0.9424408674240112, 0.952125072479248, 0.9586482644081116, 0.9600275754928589, 0.9652289152145386, 0.9715796709060669], "val_loss": [0.29495471715927124, 0.1600583791732788, 0.14067304134368896, 0.09440335631370544, 0.07674532383680344, 0.06061604991555214, 0.03633510321378708, 0.05961395800113678, 0.05354193598031998, 0.035094816237688065], "val_accuracy": [0.9172335863113403, 0.9530612230300903, 0.9705215692520142, 0.9739229083061218, 0.9793650507926941, 0.9823129177093506, 0.9893423914909363, 0.9800453782081604, 0.9857142567634583, 0.9895691871643066]}