{"loss": [1.8327387571334839, 0.49907952547073364, 0.26802730560302734, 0.19506873190402985, 0.15513382852077484, 0.12880092859268188, 0.11920536309480667, 0.10372093319892883, 0.09551460295915604, 0.08467157185077667], "accuracy": [0.4702433943748474, 0.8421218991279602, 0.916233241558075, 0.939164936542511, 0.9519813656806946, 0.9603436589241028, 0.9640794396400452, 0.9683611392974854, 0.9707750082015991, 0.9749417901039124], "val_loss": [0.5022608637809753, 0.2711274325847626, 0.12774059176445007, 0.10802947729825974, 0.08668303489685059, 0.11953681707382202, 0.10525844991207123, 0.09811921417713165, 0.0981530249118805, 0.0878525823354721], "val_accuracy": [0.8328798413276672, 0.9199546575546265, 0.9664399027824402, 0.9684807062149048, 0.9730158448219299, 0.96417236328125, 0.9687075018882751, 0.9709750413894653, 0.976190447807312, 0.974829912185669]}