{"loss": [2.631269693374634, 1.3927842378616333, 1.1065107583999634, 0.9694930911064148, 0.8824294805526733, 0.8218021392822266, 0.7694103121757507, 0.7350954413414001, 0.7062228918075562, 0.679545521736145], "accuracy": [0.4554872214794159, 0.7604241371154785, 0.8338888883590698, 0.867582380771637, 0.8859306573867798, 0.8977269530296326, 0.9086180925369263, 0.9148682355880737, 0.9218655824661255, 0.9259749054908752], "val_loss": [1.5595097541809082, 1.107314944267273, 0.9764598608016968, 0.871679425239563, 0.8591875433921814, 0.754982590675354, 0.7907006144523621, 0.6655494570732117, 0.6612240076065063, 0.6945949792861938], "val_accuracy": [0.7349206209182739, 0.8544217944145203, 0.8869614601135254, 0.9021542072296143, 0.9011337757110596, 0.9241496324539185, 0.920181393623352, 0.9445578455924988, 0.9405895471572876, 0.9363945722579956]}